filename,x_min,y_min,x_max,y_max
synthetic_0000.png,440,59,474,93
synthetic_0000.png,208,259,244,295
synthetic_0001.png,19,150,81,212
synthetic_0001.png,254,384,276,406
synthetic_0001.png,472,411,512,481
synthetic_0002.png,353,250,431,328
synthetic_0002.png,115,132,149,166
synthetic_0002.png,409,479,447,512
synthetic_0002.png,260,322,324,386
synthetic_0003.png,84,7,162,85
synthetic_0003.png,159,303,197,341
synthetic_0003.png,202,122,224,144
synthetic_0003.png,263,340,291,368
synthetic_0003.png,51,204,83,236
synthetic_0004.png,50,261,116,327
synthetic_0004.png,262,364,342,444
synthetic_0004.png,69,178,141,250
synthetic_0004.png,110,314,146,350
synthetic_0005.png,453,174,493,214
synthetic_0005.png,384,449,412,477
synthetic_0005.png,23,270,67,314
synthetic_0006.png,45,186,79,220
synthetic_0006.png,273,306,309,342
synthetic_0007.png,353,167,393,207
synthetic_0007.png,225,486,263,512
synthetic_0007.png,346,326,368,348
synthetic_0007.png,59,155,107,203
synthetic_0008.png,134,138,166,170
synthetic_0008.png,363,380,375,392
synthetic_0009.png,222,37,252,67
synthetic_0009.png,0,99,77,177
synthetic_0009.png,425,0,463,24
synthetic_0009.png,305,505,317,512
synthetic_0009.png,108,400,144,436
synthetic_0010.png,16,46,30,60
synthetic_0010.png,0,298,65,378
synthetic_0010.png,0,435,36,475
synthetic_0011.png,328,184,348,204
synthetic_0011.png,308,205,348,245
synthetic_0011.png,315,389,341,415
synthetic_0011.png,87,189,119,221
synthetic_0012.png,383,333,433,383
synthetic_0012.png,379,44,425,90
synthetic_0013.png,324,41,340,57
synthetic_0013.png,155,426,165,436
synthetic_0013.png,402,387,438,423
synthetic_0013.png,120,487,142,509
synthetic_0013.png,224,458,260,494
synthetic_0014.png,456,181,492,217
synthetic_0014.png,425,0,453,20
synthetic_0014.png,188,192,210,214
synthetic_0015.png,326,139,364,177
synthetic_0015.png,23,321,43,341
synthetic_0015.png,454,8,464,18
synthetic_0015.png,35,105,51,121
synthetic_0016.png,84,340,118,374
synthetic_0016.png,245,294,315,364
synthetic_0016.png,179,387,231,439
synthetic_0016.png,467,331,495,359
synthetic_0017.png,163,104,201,142
synthetic_0018.png,129,482,159,512
synthetic_0018.png,297,192,333,228
synthetic_0018.png,245,147,275,177
synthetic_0019.png,331,391,373,433
synthetic_0020.png,139,372,201,434
synthetic_0020.png,401,446,445,490
synthetic_0020.png,243,174,279,210
synthetic_0021.png,442,0,476,21
synthetic_0021.png,135,292,171,328
synthetic_0021.png,456,209,492,245
synthetic_0021.png,126,93,186,153
synthetic_0021.png,25,72,37,84
synthetic_0022.png,293,124,347,178
synthetic_0022.png,106,113,174,181
synthetic_0022.png,450,19,476,45
synthetic_0022.png,139,31,175,67
synthetic_0022.png,268,167,318,217
synthetic_0023.png,38,134,54,150
synthetic_0023.png,7,468,83,512
synthetic_0023.png,92,488,140,512
synthetic_0024.png,379,421,455,497
synthetic_0025.png,228,425,274,471
synthetic_0026.png,436,162,452,178
synthetic_0026.png,48,111,60,123
synthetic_0026.png,124,394,150,420
synthetic_0026.png,231,52,269,90
synthetic_0027.png,368,322,406,360
synthetic_0028.png,391,325,411,345
synthetic_0028.png,171,404,209,442
synthetic_0028.png,264,500,288,512
synthetic_0029.png,211,304,233,326
synthetic_0029.png,19,249,37,267
synthetic_0029.png,230,132,272,174
synthetic_0029.png,102,236,134,268
synthetic_0029.png,43,491,79,512
synthetic_0030.png,192,132,208,148
synthetic_0030.png,458,474,512,512
synthetic_0030.png,334,18,346,30
synthetic_0031.png,399,460,461,512
synthetic_0031.png,121,61,133,73
synthetic_0032.png,346,82,366,102
synthetic_0032.png,64,350,96,382
synthetic_0032.png,311,210,387,286
synthetic_0032.png,190,481,234,512
synthetic_0032.png,21,170,77,226
synthetic_0033.png,224,118,270,164
synthetic_0034.png,52,435,72,455
synthetic_0034.png,321,285,355,319
synthetic_0035.png,123,61,141,79
synthetic_0036.png,244,303,274,333
synthetic_0036.png,251,347,285,381
synthetic_0036.png,436,29,496,89
synthetic_0037.png,433,3,471,41
synthetic_0037.png,0,250,46,300
synthetic_0037.png,457,210,493,246
synthetic_0038.png,243,97,289,143
synthetic_0039.png,383,65,463,145
synthetic_0040.png,327,462,369,504
synthetic_0040.png,458,16,488,46
synthetic_0040.png,23,150,57,184
synthetic_0040.png,358,362,370,374
synthetic_0041.png,77,0,149,41
synthetic_0041.png,115,260,187,332
synthetic_0041.png,134,61,168,95
synthetic_0041.png,433,356,463,386
synthetic_0041.png,485,382,512,418
synthetic_0042.png,169,443,227,501
synthetic_0042.png,341,81,415,155
synthetic_0042.png,70,440,126,496
synthetic_0042.png,418,191,456,229
synthetic_0042.png,487,461,503,477
synthetic_0043.png,423,424,481,482
synthetic_0043.png,60,0,86,22
synthetic_0044.png,108,198,124,214
synthetic_0044.png,396,436,420,460
synthetic_0044.png,129,319,205,395
synthetic_0044.png,456,296,472,312
synthetic_0044.png,0,341,34,409
synthetic_0045.png,92,206,130,244
synthetic_0045.png,448,347,512,421
synthetic_0045.png,412,301,452,341
synthetic_0046.png,370,208,382,220
synthetic_0046.png,328,130,360,162
synthetic_0046.png,213,438,245,470
synthetic_0046.png,476,191,506,221
synthetic_0047.png,272,52,296,76
synthetic_0047.png,404,455,432,483
synthetic_0047.png,90,230,164,304
synthetic_0047.png,61,346,101,386
synthetic_0048.png,343,37,379,73
synthetic_0048.png,32,122,42,132
synthetic_0048.png,312,239,348,275
synthetic_0049.png,18,325,68,375
synthetic_0049.png,418,0,494,38
synthetic_0049.png,336,229,368,261
synthetic_0050.png,409,15,475,81
synthetic_0050.png,236,29,314,107
synthetic_0051.png,248,477,264,493
synthetic_0051.png,26,134,84,192
synthetic_0051.png,3,47,51,95
synthetic_0052.png,185,21,215,51
synthetic_0052.png,186,403,210,427
synthetic_0053.png,360,0,438,51
synthetic_0053.png,227,307,267,347
synthetic_0054.png,222,287,240,305
synthetic_0055.png,156,259,196,299
synthetic_0056.png,96,392,150,446
synthetic_0056.png,393,239,413,259
synthetic_0056.png,410,475,480,512
synthetic_0056.png,372,322,402,352
synthetic_0057.png,437,99,471,133
synthetic_0057.png,463,176,501,214
synthetic_0057.png,240,228,282,270
synthetic_0057.png,243,112,323,192
synthetic_0057.png,244,125,294,175
synthetic_0058.png,177,147,207,177
synthetic_0058.png,475,41,491,57
synthetic_0058.png,174,5,234,65
synthetic_0058.png,281,80,359,158
synthetic_0059.png,119,292,179,352
synthetic_0059.png,152,195,192,235
synthetic_0059.png,108,263,148,303
synthetic_0060.png,464,83,510,129
synthetic_0060.png,88,445,124,481
synthetic_0061.png,397,331,431,365
synthetic_0061.png,30,86,102,158
synthetic_0062.png,432,460,456,484
synthetic_0063.png,453,0,465,7
synthetic_0063.png,378,330,410,362
synthetic_0063.png,114,169,164,219
synthetic_0063.png,83,479,147,512
synthetic_0064.png,125,421,149,445
synthetic_0064.png,66,328,100,362
synthetic_0065.png,0,217,44,271
synthetic_0065.png,221,157,275,211
synthetic_0065.png,72,19,110,57
synthetic_0066.png,188,287,240,339
synthetic_0067.png,14,43,42,71
synthetic_0067.png,0,189,28,221
synthetic_0067.png,236,244,274,282
synthetic_0067.png,358,410,380,432
synthetic_0067.png,124,392,196,464
synthetic_0068.png,425,36,449,60
synthetic_0068.png,32,213,56,237
synthetic_0069.png,159,225,199,265
synthetic_0069.png,479,34,491,46
synthetic_0069.png,73,193,87,207
synthetic_0070.png,128,355,198,425
synthetic_0070.png,227,308,285,366
synthetic_0070.png,438,16,466,44
synthetic_0071.png,16,276,42,302
synthetic_0071.png,189,43,209,63
synthetic_0071.png,223,282,257,316
synthetic_0071.png,12,348,90,426
synthetic_0071.png,6,390,30,414
synthetic_0072.png,57,442,133,512
synthetic_0072.png,137,484,157,504
synthetic_0072.png,62,375,106,419
synthetic_0073.png,226,145,302,221
synthetic_0073.png,293,99,345,151
synthetic_0073.png,170,392,196,418
synthetic_0074.png,256,203,282,229
synthetic_0074.png,269,37,307,75
synthetic_0074.png,87,290,111,314
synthetic_0074.png,494,455,512,489
synthetic_0074.png,359,409,395,445
synthetic_0075.png,421,425,453,457
synthetic_0076.png,4,262,22,280
synthetic_0076.png,8,38,34,64
synthetic_0077.png,308,429,334,455
synthetic_0078.png,494,246,512,280
synthetic_0078.png,171,273,189,291
synthetic_0078.png,345,278,387,320
synthetic_0078.png,421,392,435,406
synthetic_0079.png,346,421,364,439
synthetic_0079.png,18,371,32,385
synthetic_0080.png,307,284,371,348
synthetic_0080.png,91,410,163,482
synthetic_0080.png,286,453,314,481
synthetic_0080.png,387,443,465,512
synthetic_0081.png,96,96,114,114
synthetic_0081.png,36,354,84,402
synthetic_0081.png,470,45,498,73
synthetic_0081.png,0,303,31,349
synthetic_0082.png,111,323,175,387
synthetic_0082.png,412,207,440,235
synthetic_0083.png,158,182,184,208
synthetic_0083.png,433,276,483,326
synthetic_0083.png,205,439,263,497
synthetic_0084.png,187,184,205,202
synthetic_0084.png,56,194,88,226
synthetic_0084.png,101,197,127,223
synthetic_0084.png,474,217,506,249
synthetic_0084.png,114,266,136,288
synthetic_0085.png,366,146,444,224
synthetic_0086.png,388,147,456,215
synthetic_0086.png,199,179,245,225
synthetic_0086.png,248,476,296,512
synthetic_0086.png,361,168,401,208
synthetic_0086.png,188,449,238,499
synthetic_0087.png,492,137,512,163
synthetic_0087.png,338,444,386,492
synthetic_0087.png,160,259,240,339
synthetic_0087.png,57,89,75,107
synthetic_0087.png,0,43,34,77
synthetic_0088.png,102,452,124,474
synthetic_0088.png,64,221,94,251
synthetic_0089.png,252,315,306,369
synthetic_0089.png,133,286,155,308
synthetic_0089.png,230,335,246,351
synthetic_0089.png,87,32,135,80
synthetic_0089.png,51,228,115,292
synthetic_0090.png,272,378,284,390
synthetic_0090.png,169,23,195,49
synthetic_0090.png,438,11,478,51
synthetic_0091.png,419,384,435,400
synthetic_0091.png,313,266,325,278
synthetic_0091.png,143,152,161,170
synthetic_0091.png,463,239,473,249
synthetic_0091.png,92,275,108,291
synthetic_0092.png,2,413,36,447
synthetic_0092.png,269,15,279,25
synthetic_0092.png,214,476,240,502
synthetic_0092.png,291,226,331,266
synthetic_0093.png,448,108,504,164
synthetic_0094.png,342,95,352,105
synthetic_0095.png,41,318,65,342
synthetic_0095.png,349,312,401,364
synthetic_0095.png,311,166,347,202
synthetic_0096.png,27,190,105,268
synthetic_0096.png,335,332,355,352
synthetic_0096.png,480,145,492,157
synthetic_0096.png,54,51,82,79
synthetic_0096.png,126,129,156,159
synthetic_0097.png,231,356,269,394
synthetic_0097.png,398,326,438,366
synthetic_0097.png,403,241,481,319
synthetic_0097.png,321,88,375,142
synthetic_0098.png,311,262,345,296
synthetic_0098.png,21,443,71,493
synthetic_0098.png,140,88,176,124
synthetic_0098.png,42,100,76,134
synthetic_0099.png,150,241,190,281
synthetic_0100.png,377,490,389,502
synthetic_0100.png,303,0,375,59
synthetic_0100.png,464,443,478,457
synthetic_0100.png,467,240,503,276
synthetic_0101.png,287,30,315,58
synthetic_0101.png,432,486,462,512
synthetic_0102.png,136,40,198,102
synthetic_0102.png,57,60,69,72
synthetic_0103.png,315,489,331,505
synthetic_0103.png,183,247,257,321
synthetic_0104.png,255,442,287,474
synthetic_0105.png,352,423,422,493
synthetic_0105.png,128,410,158,440
synthetic_0105.png,160,21,196,57
synthetic_0105.png,180,99,204,123
synthetic_0106.png,0,485,14,499
synthetic_0106.png,0,207,23,253
synthetic_0106.png,68,144,100,176
synthetic_0107.png,33,470,65,502
synthetic_0107.png,29,214,67,252
synthetic_0108.png,0,419,38,469
synthetic_0108.png,89,39,125,75
synthetic_0109.png,262,290,330,358
synthetic_0110.png,174,133,198,157
synthetic_0110.png,262,42,306,86
synthetic_0110.png,21,391,41,411
synthetic_0110.png,21,492,39,510
synthetic_0111.png,332,364,400,432
synthetic_0111.png,419,227,431,239
synthetic_0111.png,203,122,241,160
synthetic_0111.png,311,413,333,435
synthetic_0112.png,429,56,475,102
synthetic_0113.png,0,183,11,203
synthetic_0113.png,332,65,346,79
synthetic_0114.png,285,70,301,86
synthetic_0114.png,390,109,458,177
synthetic_0114.png,259,192,277,210
synthetic_0114.png,425,426,499,500
synthetic_0114.png,424,127,468,171
synthetic_0115.png,40,137,64,161
synthetic_0115.png,28,453,72,497
synthetic_0115.png,138,373,172,407
synthetic_0116.png,79,400,107,428
synthetic_0117.png,320,65,372,117
synthetic_0117.png,117,116,175,174
synthetic_0117.png,107,167,183,243
synthetic_0118.png,51,125,113,187
synthetic_0118.png,175,431,251,507
synthetic_0118.png,425,176,483,234
synthetic_0118.png,208,295,278,365
synthetic_0118.png,184,423,214,453
synthetic_0119.png,366,449,400,483
synthetic_0119.png,30,269,48,287
synthetic_0119.png,109,235,135,261
synthetic_0120.png,217,358,229,370
synthetic_0120.png,417,476,447,506
synthetic_0120.png,421,357,439,375
synthetic_0121.png,409,297,425,313
synthetic_0121.png,429,123,469,163
synthetic_0121.png,127,0,203,38
synthetic_0121.png,0,345,46,395
synthetic_0122.png,362,392,440,470
synthetic_0123.png,165,365,205,405
synthetic_0123.png,409,300,465,356
synthetic_0124.png,454,219,488,253
synthetic_0124.png,206,11,242,47
synthetic_0124.png,393,281,417,305
synthetic_0124.png,409,446,487,512
synthetic_0124.png,200,439,228,467
synthetic_0125.png,83,327,113,357
synthetic_0126.png,475,241,512,307
synthetic_0126.png,194,391,230,427
synthetic_0127.png,14,112,80,178
synthetic_0127.png,391,244,429,282
synthetic_0128.png,269,60,289,80
synthetic_0129.png,308,57,326,75
synthetic_0130.png,15,65,49,99
synthetic_0130.png,140,398,188,446
synthetic_0130.png,135,139,165,169
synthetic_0130.png,422,219,480,277
synthetic_0131.png,469,0,507,25
synthetic_0131.png,0,279,60,349
synthetic_0132.png,135,393,175,433
synthetic_0132.png,293,468,333,508
synthetic_0132.png,475,350,505,380
synthetic_0132.png,122,233,200,311
synthetic_0132.png,5,281,29,305
synthetic_0133.png,418,370,474,426
synthetic_0134.png,194,56,220,82
synthetic_0134.png,13,0,87,67
synthetic_0134.png,194,0,252,36
synthetic_0134.png,303,466,317,480
synthetic_0135.png,72,72,98,98
synthetic_0135.png,26,393,66,433
synthetic_0135.png,291,313,329,351
synthetic_0135.png,471,252,507,288
synthetic_0135.png,0,329,47,387
synthetic_0136.png,232,143,284,195
synthetic_0136.png,0,424,18,450
synthetic_0136.png,71,228,97,254
synthetic_0137.png,471,74,512,146
synthetic_0137.png,0,75,10,93
synthetic_0137.png,287,91,335,139
synthetic_0137.png,41,439,87,485
synthetic_0137.png,130,161,146,177
synthetic_0138.png,45,452,93,500
synthetic_0138.png,287,436,361,510
synthetic_0138.png,407,442,445,480
synthetic_0139.png,0,441,38,509
synthetic_0139.png,294,278,356,340
synthetic_0139.png,382,462,462,512
synthetic_0139.png,211,148,255,192
synthetic_0140.png,444,386,480,422
synthetic_0140.png,181,132,213,164
synthetic_0140.png,178,18,200,40
synthetic_0140.png,0,19,61,83
synthetic_0141.png,177,432,191,446
synthetic_0141.png,213,342,265,394
synthetic_0141.png,0,68,22,100
synthetic_0142.png,293,41,361,109
synthetic_0142.png,78,288,112,322
synthetic_0142.png,0,255,29,293
synthetic_0142.png,99,168,121,190
synthetic_0143.png,0,183,36,223
synthetic_0143.png,424,433,500,509
synthetic_0143.png,345,312,371,338
synthetic_0143.png,398,32,410,44
synthetic_0144.png,26,20,38,32
synthetic_0144.png,197,332,215,350
synthetic_0144.png,138,260,172,294
synthetic_0145.png,49,1,63,15
synthetic_0146.png,226,465,246,485
synthetic_0146.png,62,178,84,200
synthetic_0147.png,423,155,495,227
synthetic_0147.png,415,29,461,75
synthetic_0147.png,404,454,422,472
synthetic_0147.png,263,200,279,216
synthetic_0147.png,170,186,224,240
synthetic_0148.png,184,61,198,75
synthetic_0148.png,31,142,111,222
synthetic_0148.png,297,455,373,512
synthetic_0148.png,196,30,214,48
synthetic_0148.png,207,434,257,484
synthetic_0149.png,425,371,455,401
synthetic_0150.png,424,128,468,172
synthetic_0150.png,416,338,452,374
synthetic_0151.png,195,440,229,474
synthetic_0152.png,230,348,286,404
synthetic_0152.png,107,170,153,216
synthetic_0152.png,217,176,237,196
synthetic_0152.png,290,388,326,424
synthetic_0153.png,120,30,132,42
synthetic_0153.png,466,184,498,216
synthetic_0153.png,16,155,56,195
synthetic_0153.png,400,74,430,104
synthetic_0154.png,215,75,265,125
synthetic_0154.png,468,203,482,217
synthetic_0154.png,342,468,362,488
synthetic_0155.png,275,403,287,415
synthetic_0155.png,210,184,220,194
synthetic_0155.png,0,149,63,229
synthetic_0156.png,167,495,185,512
synthetic_0156.png,437,371,512,451
synthetic_0156.png,346,330,392,376
synthetic_0156.png,454,401,512,467
synthetic_0157.png,133,252,163,282
synthetic_0157.png,256,78,290,112
synthetic_0158.png,44,90,64,110
synthetic_0158.png,476,439,506,469
synthetic_0158.png,456,425,482,451
synthetic_0159.png,171,354,229,412
synthetic_0159.png,74,127,124,177
synthetic_0159.png,319,64,345,90
synthetic_0159.png,381,82,435,136
synthetic_0159.png,28,228,62,262
synthetic_0160.png,178,281,214,317
synthetic_0160.png,436,396,472,432
synthetic_0160.png,314,214,334,234
synthetic_0161.png,229,75,261,107
synthetic_0161.png,71,298,125,352
synthetic_0161.png,104,153,180,229
synthetic_0161.png,426,57,502,133
synthetic_0162.png,103,80,119,96
synthetic_0162.png,386,387,402,403
synthetic_0162.png,459,382,481,404
synthetic_0162.png,240,74,252,86
synthetic_0163.png,48,377,90,419
synthetic_0163.png,249,0,269,15
synthetic_0163.png,400,303,418,321
synthetic_0164.png,0,296,69,372
synthetic_0164.png,176,38,246,108
synthetic_0164.png,374,410,414,450
synthetic_0165.png,145,159,187,201
synthetic_0165.png,372,185,430,243
synthetic_0165.png,370,338,402,370
synthetic_0165.png,454,0,470,12
synthetic_0165.png,235,314,279,358
synthetic_0166.png,442,6,490,54
synthetic_0166.png,291,42,341,92
synthetic_0166.png,339,5,377,43
synthetic_0166.png,480,200,490,210
synthetic_0167.png,109,458,121,470
synthetic_0167.png,322,78,364,120
synthetic_0167.png,131,167,189,225
synthetic_0167.png,388,454,412,478
synthetic_0168.png,212,32,274,94
synthetic_0169.png,161,488,175,502
synthetic_0169.png,276,415,316,455
synthetic_0170.png,354,113,420,179
synthetic_0170.png,92,35,160,103
synthetic_0170.png,200,295,280,375
synthetic_0170.png,270,198,336,264
synthetic_0171.png,479,70,509,100
synthetic_0171.png,0,375,28,405
synthetic_0171.png,431,56,461,86
synthetic_0171.png,94,337,126,369
synthetic_0171.png,157,386,169,398
synthetic_0172.png,298,266,354,322
synthetic_0173.png,4,344,38,378
synthetic_0173.png,147,382,185,420
synthetic_0173.png,5,186,45,226
synthetic_0173.png,349,466,363,480
synthetic_0174.png,0,148,41,198
synthetic_0174.png,0,342,6,352
synthetic_0174.png,244,0,318,47
synthetic_0175.png,475,291,511,327
synthetic_0176.png,364,81,386,103
synthetic_0176.png,265,212,297,244
synthetic_0176.png,329,0,367,33
synthetic_0176.png,32,0,70,27
synthetic_0176.png,405,0,447,23
synthetic_0177.png,0,447,29,477
synthetic_0178.png,205,324,233,352
synthetic_0178.png,114,0,184,45
synthetic_0178.png,137,438,161,462
synthetic_0179.png,234,9,252,27
synthetic_0179.png,418,216,436,234
synthetic_0180.png,190,347,212,369
synthetic_0181.png,138,224,192,278
synthetic_0181.png,439,35,499,95
synthetic_0181.png,150,138,194,182
synthetic_0182.png,419,428,493,502
synthetic_0182.png,189,381,223,415
synthetic_0183.png,257,50,297,90
synthetic_0183.png,203,42,277,116
synthetic_0183.png,7,275,19,287
synthetic_0184.png,421,322,441,342
synthetic_0184.png,463,0,512,37
synthetic_0184.png,145,165,161,181
synthetic_0184.png,267,432,327,492
synthetic_0185.png,0,297,53,369
synthetic_0186.png,158,25,216,83
synthetic_0186.png,250,424,282,456
synthetic_0187.png,229,460,271,502
synthetic_0187.png,353,60,427,134
synthetic_0188.png,495,15,509,29
synthetic_0188.png,0,255,21,287
synthetic_0188.png,26,40,58,72
synthetic_0189.png,441,305,465,329
synthetic_0189.png,4,397,54,447
synthetic_0190.png,79,318,117,356
synthetic_0190.png,148,178,174,204
synthetic_0190.png,369,78,417,126
synthetic_0191.png,384,450,424,490
synthetic_0191.png,193,71,223,101
synthetic_0191.png,339,449,359,469
synthetic_0192.png,114,251,140,277
synthetic_0193.png,361,223,415,277
synthetic_0193.png,410,451,444,485
synthetic_0193.png,110,170,140,200
synthetic_0194.png,205,108,247,150
synthetic_0194.png,296,1,324,29
synthetic_0195.png,460,220,492,252
synthetic_0195.png,123,240,167,284
synthetic_0195.png,107,5,139,37
synthetic_0195.png,413,154,461,202
synthetic_0196.png,356,19,392,55
synthetic_0196.png,109,165,151,207
synthetic_0196.png,28,68,82,122
synthetic_0197.png,88,69,118,99
synthetic_0197.png,346,245,410,309
synthetic_0197.png,243,91,277,125
synthetic_0198.png,55,8,109,62
synthetic_0198.png,121,245,175,299
synthetic_0198.png,181,287,203,309
synthetic_0198.png,406,312,482,388
synthetic_0198.png,377,271,443,337
synthetic_0199.png,416,231,454,269
synthetic_0199.png,475,31,512,105
synthetic_0199.png,309,151,323,165
synthetic_0200.png,450,0,462,8
synthetic_0200.png,292,407,304,419
synthetic_0200.png,27,447,67,487
synthetic_0200.png,0,388,23,430
synthetic_0201.png,93,301,119,327
synthetic_0201.png,473,475,483,485
synthetic_0202.png,475,120,512,158
synthetic_0202.png,278,351,312,385
synthetic_0202.png,452,447,498,493
synthetic_0202.png,112,281,128,297
synthetic_0202.png,194,159,274,239
synthetic_0203.png,344,309,396,361
synthetic_0203.png,104,125,142,163
synthetic_0203.png,344,115,412,183
synthetic_0203.png,28,119,44,135
synthetic_0204.png,21,350,53,382
synthetic_0204.png,506,281,512,293
synthetic_0204.png,317,0,357,31
synthetic_0204.png,362,289,422,349
synthetic_0204.png,257,335,283,361
synthetic_0205.png,67,274,105,312
synthetic_0205.png,338,168,380,210
synthetic_0205.png,190,93,222,125
synthetic_0205.png,251,451,321,512
synthetic_0206.png,134,1,162,29
synthetic_0207.png,494,41,512,73
synthetic_0207.png,479,418,509,448
synthetic_0207.png,368,170,404,206
synthetic_0208.png,424,312,444,332
synthetic_0208.png,485,225,512,265
synthetic_0208.png,400,192,442,234
synthetic_0209.png,31,478,53,500
synthetic_0210.png,97,180,107,190
synthetic_0210.png,76,323,132,379
synthetic_0210.png,224,203,268,247
synthetic_0210.png,473,265,512,331
synthetic_0210.png,127,390,151,414
synthetic_0211.png,109,192,149,232
synthetic_0211.png,337,33,399,95
synthetic_0211.png,197,94,229,126
synthetic_0211.png,160,246,220,306
synthetic_0212.png,477,383,512,423
synthetic_0212.png,66,21,96,51
synthetic_0212.png,244,50,290,96
synthetic_0213.png,310,134,380,204
synthetic_0213.png,159,350,217,408
synthetic_0213.png,414,331,486,403
synthetic_0213.png,459,173,511,225
synthetic_0213.png,133,383,173,423
synthetic_0214.png,19,400,35,416
synthetic_0215.png,313,453,367,507
synthetic_0216.png,23,70,83,130
synthetic_0216.png,256,12,308,64
synthetic_0217.png,0,25,69,99
synthetic_0217.png,395,312,435,352
synthetic_0217.png,256,244,330,318
synthetic_0217.png,466,205,476,215
synthetic_0217.png,249,44,315,110
synthetic_0218.png,475,53,499,77
synthetic_0218.png,100,247,126,273
synthetic_0218.png,426,262,498,334
synthetic_0218.png,455,267,509,321
synthetic_0218.png,104,52,130,78
synthetic_0219.png,196,88,252,144
synthetic_0219.png,98,181,158,241
synthetic_0220.png,1,149,61,209
synthetic_0221.png,18,495,52,512
synthetic_0221.png,104,172,116,184
synthetic_0222.png,274,247,338,311
synthetic_0222.png,302,479,324,501
synthetic_0223.png,66,240,94,268
synthetic_0224.png,238,211,276,249
synthetic_0224.png,454,20,470,36
synthetic_0225.png,208,217,220,229
synthetic_0226.png,0,87,44,167
synthetic_0227.png,304,8,360,64
synthetic_0228.png,279,363,309,393
synthetic_0228.png,156,297,178,319
synthetic_0229.png,96,432,126,462
synthetic_0229.png,158,428,230,500
synthetic_0229.png,363,248,397,282
synthetic_0229.png,140,340,172,372
synthetic_0230.png,405,98,437,130
synthetic_0230.png,22,421,38,437
synthetic_0230.png,194,263,226,295
synthetic_0230.png,84,422,112,450
synthetic_0231.png,201,347,279,425
synthetic_0231.png,319,90,349,120
synthetic_0231.png,294,416,362,484
synthetic_0231.png,211,37,245,71
synthetic_0232.png,67,442,93,468
synthetic_0232.png,30,169,48,187
synthetic_0232.png,160,60,216,116
synthetic_0232.png,0,0,25,29
synthetic_0233.png,298,439,330,471
synthetic_0234.png,342,0,368,23
synthetic_0235.png,334,424,408,498
synthetic_0235.png,393,242,409,258
synthetic_0235.png,368,460,410,502
synthetic_0235.png,348,41,376,69
synthetic_0235.png,42,18,92,68
synthetic_0236.png,89,363,145,419
synthetic_0236.png,18,450,34,466
synthetic_0237.png,153,119,207,173
synthetic_0238.png,300,350,380,430
synthetic_0238.png,444,142,512,218
synthetic_0238.png,325,191,343,209
synthetic_0239.png,55,198,129,272
synthetic_0239.png,448,125,470,147
synthetic_0239.png,7,50,35,78
synthetic_0239.png,3,324,59,380
synthetic_0240.png,108,135,132,159
synthetic_0240.png,230,0,300,66
synthetic_0240.png,135,383,155,403
synthetic_0240.png,114,191,124,201
synthetic_0241.png,129,79,139,89
synthetic_0241.png,207,34,253,80
synthetic_0242.png,230,265,276,311
synthetic_0243.png,429,431,467,469
synthetic_0243.png,205,243,219,257
synthetic_0243.png,375,438,431,494
synthetic_0244.png,379,433,447,501
synthetic_0244.png,28,225,62,259
synthetic_0244.png,273,324,341,392
synthetic_0244.png,106,0,158,36
synthetic_0244.png,24,25,68,69
synthetic_0245.png,0,392,51,450
synthetic_0245.png,318,239,356,277
synthetic_0245.png,256,31,296,71
synthetic_0245.png,252,338,308,394
synthetic_0246.png,478,77,512,133
synthetic_0246.png,271,229,295,253
synthetic_0247.png,476,133,488,145
synthetic_0247.png,472,272,512,336
synthetic_0247.png,0,323,27,351
synthetic_0247.png,184,148,244,208
synthetic_0247.png,392,144,422,174
synthetic_0248.png,93,285,167,359
synthetic_0248.png,370,269,392,291
synthetic_0248.png,42,403,58,419
synthetic_0249.png,80,109,132,161
synthetic_0249.png,405,81,427,103
synthetic_0249.png,88,151,112,175
synthetic_0250.png,146,266,198,318
synthetic_0250.png,83,138,125,180
synthetic_0250.png,440,0,460,13
synthetic_0250.png,349,284,411,346
synthetic_0250.png,324,0,388,64
synthetic_0251.png,73,240,123,290
synthetic_0252.png,79,0,117,38
synthetic_0252.png,446,4,504,62
synthetic_0253.png,131,144,209,222
synthetic_0253.png,427,254,485,312
synthetic_0253.png,175,467,211,503
synthetic_0253.png,86,357,106,377
synthetic_0254.png,138,203,176,241
synthetic_0255.png,311,455,367,511
synthetic_0255.png,175,194,187,206
synthetic_0255.png,176,73,208,105
synthetic_0255.png,59,89,83,113
synthetic_0255.png,437,0,475,37
synthetic_0256.png,479,300,493,314
synthetic_0256.png,402,438,438,474
synthetic_0256.png,274,119,350,195
synthetic_0256.png,377,232,411,266
synthetic_0257.png,68,305,98,335
synthetic_0257.png,137,229,171,263
synthetic_0258.png,357,257,413,313
synthetic_0258.png,0,291,39,339
synthetic_0258.png,177,220,213,256
synthetic_0259.png,477,165,503,191
synthetic_0259.png,295,298,333,336
synthetic_0259.png,488,0,512,25
synthetic_0259.png,206,350,224,368
synthetic_0259.png,73,225,127,279
synthetic_0260.png,391,244,435,288
synthetic_0260.png,11,345,41,375
synthetic_0261.png,213,328,247,362
synthetic_0261.png,0,367,62,431
synthetic_0261.png,433,332,469,368
synthetic_0262.png,102,135,168,201
synthetic_0262.png,290,99,358,167
synthetic_0263.png,117,0,173,38
synthetic_0263.png,291,182,329,220
synthetic_0263.png,6,149,44,187
synthetic_0263.png,299,214,335,250
synthetic_0264.png,193,311,223,341
synthetic_0264.png,427,31,445,49
synthetic_0265.png,477,342,505,370
synthetic_0265.png,268,12,334,78
synthetic_0265.png,121,367,153,399
synthetic_0265.png,90,183,130,223
synthetic_0265.png,476,393,512,443
synthetic_0266.png,19,178,89,248
synthetic_0266.png,234,241,254,261
synthetic_0267.png,344,282,376,314
synthetic_0267.png,26,337,62,373
synthetic_0268.png,4,214,84,294
synthetic_0268.png,43,245,83,285
synthetic_0269.png,139,159,185,205
synthetic_0269.png,420,55,464,99
synthetic_0269.png,247,296,307,356
synthetic_0269.png,440,382,476,418
synthetic_0269.png,478,348,496,366
synthetic_0270.png,286,82,302,98
synthetic_0270.png,434,0,488,44
synthetic_0270.png,297,16,371,90
synthetic_0270.png,429,118,449,138
synthetic_0270.png,278,242,292,256
synthetic_0271.png,222,154,302,234
synthetic_0272.png,157,195,231,269
synthetic_0273.png,50,424,74,448
synthetic_0273.png,159,112,229,182
synthetic_0274.png,241,169,261,189
synthetic_0274.png,289,90,355,156
synthetic_0275.png,186,137,258,209
synthetic_0275.png,133,447,175,489
synthetic_0275.png,279,370,347,438
synthetic_0275.png,285,99,301,115
synthetic_0275.png,469,285,501,317
synthetic_0276.png,129,158,169,198
synthetic_0276.png,0,477,31,509
synthetic_0276.png,55,47,133,125
synthetic_0276.png,317,472,341,496
synthetic_0276.png,263,156,297,190
synthetic_0277.png,202,144,256,198
synthetic_0278.png,426,82,458,114
synthetic_0278.png,379,406,393,420
synthetic_0278.png,312,174,360,222
synthetic_0278.png,314,43,326,55
synthetic_0279.png,0,244,10,258
synthetic_0279.png,141,197,177,233
synthetic_0279.png,249,313,293,357
synthetic_0279.png,244,26,316,98
synthetic_0280.png,15,87,37,109
synthetic_0280.png,60,215,76,231
synthetic_0280.png,102,393,180,471
synthetic_0281.png,282,22,296,36
synthetic_0281.png,473,76,485,88
synthetic_0282.png,257,99,279,121
synthetic_0282.png,442,64,466,88
synthetic_0283.png,364,430,396,462
synthetic_0283.png,412,14,472,74
synthetic_0283.png,69,130,139,200
synthetic_0284.png,218,235,238,255
synthetic_0284.png,119,187,133,201
synthetic_0285.png,204,228,218,242
synthetic_0285.png,409,287,441,319
synthetic_0286.png,409,105,445,141
synthetic_0286.png,482,90,496,104
synthetic_0286.png,212,435,250,473
synthetic_0287.png,308,68,366,126
synthetic_0287.png,271,418,337,484
synthetic_0287.png,184,464,208,488
synthetic_0288.png,438,156,466,184
synthetic_0288.png,309,253,371,315
synthetic_0288.png,170,167,186,183
synthetic_0289.png,272,357,328,413
synthetic_0290.png,304,109,352,157
synthetic_0290.png,411,261,481,331
synthetic_0290.png,82,369,104,391
synthetic_0290.png,357,433,433,509
synthetic_0291.png,351,50,403,102
synthetic_0292.png,194,171,220,197
synthetic_0292.png,407,230,457,280
synthetic_0293.png,99,152,145,198
synthetic_0293.png,335,409,363,437
synthetic_0293.png,327,441,363,477
synthetic_0293.png,314,2,368,56
synthetic_0294.png,134,456,174,496
synthetic_0294.png,317,304,367,354
synthetic_0294.png,137,2,169,34
synthetic_0295.png,215,9,291,85
synthetic_0296.png,413,0,477,38
synthetic_0296.png,406,192,434,220
synthetic_0297.png,312,146,340,174
synthetic_0297.png,92,179,160,247
synthetic_0297.png,480,73,512,137
synthetic_0297.png,68,151,106,189
synthetic_0297.png,173,137,211,175
synthetic_0298.png,53,263,73,283
synthetic_0298.png,47,307,83,343
synthetic_0298.png,300,408,312,420
synthetic_0298.png,468,369,506,407
synthetic_0299.png,65,240,83,258
synthetic_0299.png,0,92,19,124
synthetic_0300.png,396,300,430,334
synthetic_0300.png,399,56,417,74
synthetic_0300.png,347,25,379,57
synthetic_0300.png,320,157,394,231
synthetic_0301.png,150,0,228,62
synthetic_0301.png,242,181,268,207
synthetic_0301.png,373,322,399,348
synthetic_0301.png,0,127,16,157
synthetic_0302.png,420,342,444,366
synthetic_0302.png,266,168,318,220
synthetic_0302.png,121,62,137,78
synthetic_0302.png,276,226,310,260
synthetic_0302.png,2,442,28,468
synthetic_0303.png,255,354,281,380
synthetic_0303.png,0,178,5,188
synthetic_0303.png,82,148,122,188
synthetic_0303.png,105,2,125,22
synthetic_0304.png,155,106,179,130
synthetic_0304.png,134,495,168,512
synthetic_0304.png,365,110,387,132
synthetic_0305.png,439,398,479,438
synthetic_0305.png,69,381,147,459
synthetic_0305.png,161,210,173,222
synthetic_0305.png,454,186,506,238
synthetic_0305.png,183,26,215,58
synthetic_0306.png,298,448,336,486
synthetic_0306.png,38,109,78,149
synthetic_0306.png,480,445,498,463
synthetic_0306.png,21,483,59,512
synthetic_0306.png,142,179,202,239
synthetic_0307.png,267,173,315,221
synthetic_0307.png,451,85,511,145
synthetic_0308.png,431,480,469,512
synthetic_0309.png,424,269,472,317
synthetic_0309.png,0,304,33,340
synthetic_0309.png,119,41,143,65
synthetic_0309.png,220,364,296,440
synthetic_0309.png,377,300,415,338
synthetic_0310.png,285,0,337,49
synthetic_0310.png,235,174,265,204
synthetic_0310.png,461,49,485,73
synthetic_0311.png,299,6,331,38
synthetic_0311.png,75,170,105,200
synthetic_0311.png,190,325,254,389
synthetic_0312.png,258,147,334,223
synthetic_0312.png,28,414,56,442
synthetic_0312.png,487,72,512,110
synthetic_0313.png,15,72,45,102
synthetic_0313.png,71,31,95,55
synthetic_0313.png,164,360,178,374
synthetic_0313.png,258,459,310,511
synthetic_0314.png,386,368,410,392
synthetic_0314.png,156,327,182,353
synthetic_0315.png,30,341,44,355
synthetic_0315.png,127,184,179,236
synthetic_0315.png,420,235,432,247
synthetic_0315.png,425,145,455,175
synthetic_0316.png,409,62,439,92
synthetic_0316.png,260,418,278,436
synthetic_0316.png,0,0,43,52
synthetic_0316.png,379,66,437,124
synthetic_0317.png,440,435,474,469
synthetic_0318.png,235,295,275,335
synthetic_0318.png,111,258,163,310
synthetic_0318.png,158,262,168,272
synthetic_0319.png,16,139,56,179
synthetic_0319.png,437,120,485,168
synthetic_0319.png,9,240,31,262
synthetic_0319.png,52,330,116,394
synthetic_0319.png,237,148,289,200
synthetic_0320.png,447,213,479,245
synthetic_0321.png,62,169,96,203
synthetic_0322.png,369,5,425,61
synthetic_0322.png,15,271,95,351
synthetic_0322.png,303,107,371,175
synthetic_0322.png,416,240,452,276
synthetic_0323.png,259,33,277,51
synthetic_0323.png,96,186,134,224
synthetic_0324.png,219,378,275,434
synthetic_0325.png,268,178,302,212
synthetic_0325.png,0,328,42,404
synthetic_0325.png,236,484,288,512
synthetic_0325.png,269,399,317,447
synthetic_0325.png,363,497,393,512
synthetic_0326.png,334,69,372,107
synthetic_0326.png,21,383,97,459
synthetic_0326.png,473,278,512,348
synthetic_0326.png,275,417,343,485
synthetic_0326.png,65,101,103,139
synthetic_0327.png,476,491,496,511
synthetic_0327.png,350,375,374,399
synthetic_0328.png,200,249,264,313
synthetic_0329.png,225,416,255,446
synthetic_0329.png,34,429,84,479
synthetic_0329.png,165,343,221,399
synthetic_0329.png,0,29,24,65
synthetic_0329.png,67,219,109,261
synthetic_0330.png,106,284,146,324
synthetic_0330.png,64,0,100,30
synthetic_0331.png,101,127,127,153
synthetic_0331.png,34,221,98,285
synthetic_0331.png,152,193,192,233
synthetic_0332.png,164,103,194,133
synthetic_0332.png,184,168,252,236
synthetic_0332.png,282,260,328,306
synthetic_0333.png,37,338,81,382
synthetic_0334.png,4,115,70,181
synthetic_0334.png,349,276,399,326
synthetic_0334.png,436,52,450,66
synthetic_0335.png,219,479,231,491
synthetic_0335.png,84,120,106,142
synthetic_0335.png,445,248,497,300
synthetic_0335.png,210,153,226,169
synthetic_0336.png,256,69,326,139
synthetic_0336.png,153,190,183,220
synthetic_0336.png,265,406,295,436
synthetic_0336.png,386,226,426,266
synthetic_0337.png,305,399,323,417
synthetic_0337.png,199,286,223,310
synthetic_0337.png,264,9,300,45
synthetic_0337.png,312,133,362,183
synthetic_0337.png,333,235,367,269
synthetic_0338.png,41,98,63,120
synthetic_0338.png,253,458,275,480
synthetic_0338.png,290,149,360,219
synthetic_0339.png,241,193,283,235
synthetic_0339.png,382,101,420,139
synthetic_0339.png,194,226,272,304
synthetic_0339.png,74,60,94,80
synthetic_0340.png,91,360,115,384
synthetic_0340.png,334,31,372,69
synthetic_0340.png,6,0,76,39
synthetic_0341.png,363,328,387,352
synthetic_0341.png,341,93,357,109
synthetic_0341.png,297,264,327,294
synthetic_0342.png,475,63,512,137
synthetic_0342.png,331,490,351,510
synthetic_0342.png,101,171,115,185
synthetic_0342.png,164,175,240,251
synthetic_0343.png,70,219,102,251
synthetic_0344.png,317,115,329,127
synthetic_0345.png,16,420,26,430
synthetic_0345.png,209,441,219,451
synthetic_0346.png,296,441,308,453
synthetic_0347.png,69,385,133,449
synthetic_0347.png,17,290,43,316
synthetic_0347.png,468,148,508,188
synthetic_0347.png,470,128,512,202
synthetic_0348.png,292,377,328,413
synthetic_0349.png,60,116,100,156
synthetic_0349.png,443,371,511,439
synthetic_0350.png,287,349,351,413
synthetic_0350.png,365,17,417,69
synthetic_0350.png,151,69,171,89
synthetic_0350.png,86,257,134,305
synthetic_0350.png,13,31,41,59
synthetic_0351.png,193,384,251,442
synthetic_0351.png,0,407,25,443
synthetic_0352.png,202,61,230,89
synthetic_0352.png,159,16,187,44
synthetic_0352.png,275,192,333,250
synthetic_0353.png,125,387,139,401
synthetic_0353.png,81,99,159,177
synthetic_0354.png,458,338,492,372
synthetic_0354.png,30,309,50,329
synthetic_0354.png,127,167,185,225
synthetic_0354.png,107,438,143,474
synthetic_0355.png,210,142,236,168
synthetic_0355.png,250,310,330,390
synthetic_0356.png,78,307,124,353
synthetic_0356.png,0,63,18,91
synthetic_0357.png,196,284,234,322
synthetic_0357.png,285,472,327,512
synthetic_0357.png,171,343,213,385
synthetic_0357.png,351,269,363,281
synthetic_0358.png,362,201,378,217
synthetic_0358.png,121,86,191,156
synthetic_0358.png,200,204,220,224
synthetic_0359.png,323,277,361,315
synthetic_0359.png,21,166,57,202
synthetic_0360.png,434,383,478,427
synthetic_0360.png,99,470,135,506
synthetic_0360.png,425,481,459,512
synthetic_0361.png,179,76,189,86
synthetic_0361.png,121,56,135,70
synthetic_0362.png,89,0,123,32
synthetic_0363.png,241,350,281,390
synthetic_0364.png,56,438,86,468
synthetic_0364.png,177,248,213,284
synthetic_0364.png,282,460,318,496
synthetic_0364.png,445,0,483,31
synthetic_0365.png,274,435,288,449
synthetic_0366.png,229,482,277,512
synthetic_0366.png,118,105,184,171
synthetic_0366.png,159,346,239,426
synthetic_0367.png,452,56,474,78
synthetic_0367.png,466,101,500,135
synthetic_0367.png,411,415,489,493
synthetic_0367.png,0,404,31,440
synthetic_0368.png,469,436,497,464
synthetic_0368.png,154,105,204,155
synthetic_0368.png,167,86,207,126
synthetic_0369.png,265,391,333,459
synthetic_0369.png,445,305,512,385
synthetic_0369.png,420,315,432,327
synthetic_0370.png,164,438,226,500
synthetic_0370.png,142,25,216,99
synthetic_0371.png,109,490,149,512
synthetic_0372.png,421,165,467,211
synthetic_0372.png,344,211,356,223
synthetic_0372.png,0,362,14,386
synthetic_0373.png,281,216,353,288
synthetic_0373.png,444,483,468,507
synthetic_0373.png,271,280,307,316
synthetic_0374.png,161,263,211,313
synthetic_0374.png,74,248,92,266
synthetic_0375.png,474,410,512,450
synthetic_0375.png,106,76,170,140
synthetic_0376.png,139,159,171,191
synthetic_0376.png,296,56,350,110
synthetic_0377.png,94,383,122,411
synthetic_0377.png,77,224,145,292
synthetic_0378.png,62,120,104,162
synthetic_0379.png,13,102,83,172
synthetic_0379.png,14,164,34,184
synthetic_0379.png,359,33,413,87
synthetic_0380.png,116,201,174,259
synthetic_0380.png,457,403,512,469
synthetic_0380.png,276,237,314,275
synthetic_0380.png,438,385,508,455
synthetic_0381.png,173,251,207,285
synthetic_0381.png,283,472,309,498
synthetic_0381.png,307,98,337,128
synthetic_0382.png,392,270,422,300
synthetic_0382.png,29,324,77,372
synthetic_0382.png,393,251,427,285
synthetic_0383.png,433,237,473,277
synthetic_0384.png,316,262,326,272
synthetic_0384.png,378,285,388,295
synthetic_0384.png,268,479,312,512
synthetic_0385.png,96,194,132,230
synthetic_0385.png,454,181,512,259
synthetic_0385.png,149,43,185,79
synthetic_0386.png,434,31,468,65
synthetic_0386.png,15,31,45,61
synthetic_0387.png,29,77,61,109
synthetic_0387.png,253,442,285,474
synthetic_0387.png,234,103,244,113
synthetic_0388.png,261,78,275,92
synthetic_0388.png,113,131,155,173
synthetic_0389.png,254,463,274,483
synthetic_0389.png,109,65,157,113
synthetic_0389.png,342,0,394,51
synthetic_0389.png,30,30,64,64
synthetic_0389.png,431,5,441,15
synthetic_0390.png,298,0,374,67
synthetic_0390.png,466,339,504,377
synthetic_0391.png,309,88,383,162
synthetic_0391.png,485,410,507,432
synthetic_0391.png,325,401,373,449
synthetic_0391.png,263,178,329,244
synthetic_0392.png,70,206,86,222
synthetic_0392.png,204,89,220,105
synthetic_0392.png,457,11,493,47
synthetic_0392.png,305,302,315,312
synthetic_0393.png,232,284,246,298
synthetic_0393.png,68,472,102,506
synthetic_0393.png,248,274,266,292
synthetic_0393.png,21,15,69,63
synthetic_0394.png,368,0,426,51
synthetic_0394.png,121,119,157,155
synthetic_0394.png,469,68,512,136
synthetic_0394.png,169,260,195,286
synthetic_0395.png,258,66,290,98
synthetic_0395.png,92,134,108,150
synthetic_0395.png,450,0,512,47
synthetic_0395.png,332,142,364,174
synthetic_0395.png,171,328,197,354
synthetic_0396.png,298,44,334,80
synthetic_0397.png,366,0,416,38
synthetic_0397.png,149,0,191,23
synthetic_0397.png,167,157,245,235
synthetic_0398.png,30,172,96,238
synthetic_0398.png,320,399,344,423
synthetic_0398.png,325,214,391,280
synthetic_0398.png,252,337,322,407
synthetic_0399.png,364,314,404,354
synthetic_0399.png,391,42,425,76
synthetic_0399.png,294,348,348,402
synthetic_0400.png,69,58,103,92
synthetic_0400.png,92,227,110,245
synthetic_0400.png,327,168,379,220
synthetic_0401.png,455,108,485,138
synthetic_0401.png,309,171,343,205
synthetic_0401.png,453,247,511,305
synthetic_0401.png,259,506,269,512
synthetic_0402.png,214,201,248,235
synthetic_0402.png,40,253,60,273
synthetic_0402.png,401,216,441,256
synthetic_0402.png,282,133,344,195
synthetic_0403.png,456,306,492,342
synthetic_0403.png,350,41,372,63
synthetic_0403.png,242,415,274,447
synthetic_0404.png,91,384,123,416
synthetic_0404.png,389,182,441,234
synthetic_0404.png,186,82,202,98
synthetic_0404.png,72,455,102,485
synthetic_0404.png,28,246,68,286
synthetic_0405.png,340,201,368,229
synthetic_0405.png,448,418,494,464
synthetic_0405.png,288,23,336,71
synthetic_0405.png,278,142,318,182
synthetic_0405.png,0,70,30,102
synthetic_0406.png,0,421,27,469
synthetic_0406.png,494,347,512,383
synthetic_0406.png,36,185,68,217
synthetic_0406.png,421,370,453,402
synthetic_0407.png,93,325,135,367
synthetic_0408.png,195,220,249,274
synthetic_0408.png,114,100,150,136
synthetic_0409.png,6,312,44,350
synthetic_0409.png,365,0,403,23
synthetic_0409.png,160,20,182,42
synthetic_0410.png,402,0,444,39
synthetic_0410.png,58,189,86,217
synthetic_0411.png,3,54,35,86
synthetic_0412.png,246,407,278,439
synthetic_0412.png,259,13,281,35
synthetic_0412.png,107,399,161,453
synthetic_0412.png,300,14,354,68
synthetic_0412.png,273,0,301,18
synthetic_0413.png,148,382,184,418
synthetic_0414.png,231,73,301,143
synthetic_0414.png,141,52,173,84
synthetic_0414.png,457,250,512,324
synthetic_0415.png,67,460,95,488
synthetic_0415.png,92,289,120,317
synthetic_0415.png,173,115,229,171
synthetic_0416.png,448,326,462,340
synthetic_0416.png,168,85,204,121
synthetic_0417.png,293,462,307,476
synthetic_0417.png,183,176,203,196
synthetic_0418.png,330,80,372,122
synthetic_0418.png,213,281,247,315
synthetic_0418.png,179,360,259,440
synthetic_0419.png,104,447,180,512
synthetic_0420.png,303,381,359,437
synthetic_0421.png,341,403,379,441
synthetic_0422.png,98,433,134,469
synthetic_0422.png,35,403,55,423
synthetic_0422.png,422,259,456,293
synthetic_0423.png,88,126,142,180
synthetic_0423.png,9,129,19,139
synthetic_0423.png,255,428,283,456
synthetic_0424.png,94,430,126,462
synthetic_0424.png,416,323,492,399
synthetic_0425.png,177,125,201,149
synthetic_0425.png,45,159,71,185
synthetic_0425.png,155,319,173,337
synthetic_0426.png,185,388,211,414
synthetic_0426.png,391,487,407,503
synthetic_0426.png,178,480,216,512
synthetic_0426.png,134,352,150,368
synthetic_0426.png,212,427,286,501
synthetic_0427.png,128,259,158,289
synthetic_0427.png,216,425,272,481
synthetic_0427.png,156,248,214,306
synthetic_0427.png,262,301,334,373
synthetic_0427.png,473,161,512,225
synthetic_0428.png,142,384,194,436
synthetic_0428.png,446,412,508,474
synthetic_0428.png,366,32,382,48
synthetic_0429.png,294,129,336,171
synthetic_0429.png,23,241,53,271
synthetic_0430.png,114,268,132,286
synthetic_0431.png,201,488,227,512
synthetic_0431.png,41,285,109,353
synthetic_0431.png,0,69,52,129
synthetic_0431.png,395,169,425,199
synthetic_0432.png,15,218,53,256
synthetic_0432.png,226,224,252,250
synthetic_0432.png,392,58,470,136
synthetic_0433.png,3,46,29,72
synthetic_0433.png,462,26,488,52
synthetic_0434.png,462,372,494,404
synthetic_0435.png,442,434,482,474
synthetic_0436.png,299,92,335,128
synthetic_0436.png,74,364,114,404
synthetic_0436.png,411,67,429,85
synthetic_0437.png,467,342,503,378
synthetic_0437.png,170,122,222,174
synthetic_0438.png,258,394,272,408
synthetic_0438.png,304,57,342,95
synthetic_0438.png,168,129,200,161
synthetic_0438.png,389,433,429,473
synthetic_0439.png,458,312,512,382
synthetic_0439.png,231,334,307,410
synthetic_0440.png,369,209,421,261
synthetic_0440.png,67,456,147,512
synthetic_0440.png,30,87,110,167
synthetic_0440.png,150,184,168,202
synthetic_0440.png,10,430,30,450
synthetic_0441.png,469,0,505,34
synthetic_0441.png,256,401,326,471
synthetic_0441.png,376,355,398,377
synthetic_0441.png,385,313,427,355
synthetic_0442.png,190,277,226,313
synthetic_0442.png,319,370,359,410
synthetic_0442.png,17,110,69,162
synthetic_0443.png,249,223,273,247
synthetic_0443.png,111,229,189,307
synthetic_0444.png,117,0,135,14
synthetic_0444.png,343,153,401,211
synthetic_0444.png,119,34,157,72
synthetic_0444.png,0,452,36,510
synthetic_0444.png,73,36,113,76
synthetic_0445.png,373,45,413,85
synthetic_0445.png,175,444,201,470
synthetic_0445.png,126,412,182,468
synthetic_0445.png,106,476,146,512
synthetic_0445.png,62,345,116,399
synthetic_0446.png,303,382,341,420
synthetic_0446.png,357,307,399,349
synthetic_0446.png,169,388,219,438
synthetic_0446.png,416,110,446,140
synthetic_0447.png,405,27,451,73
synthetic_0448.png,27,196,59,228
synthetic_0448.png,317,397,341,421
synthetic_0448.png,52,206,120,274
synthetic_0449.png,487,286,512,324
synthetic_0450.png,356,11,374,29
synthetic_0450.png,0,424,63,494
synthetic_0451.png,32,227,112,307
synthetic_0451.png,193,208,265,280
synthetic_0451.png,0,268,23,306
synthetic_0451.png,281,245,297,261
synthetic_0452.png,468,7,478,17
synthetic_0452.png,19,306,35,322
synthetic_0453.png,337,469,359,491
synthetic_0454.png,371,46,393,68
synthetic_0454.png,0,91,34,137
synthetic_0454.png,387,291,465,369
synthetic_0454.png,82,196,112,226
synthetic_0455.png,381,2,425,46
synthetic_0455.png,388,279,404,295
synthetic_0455.png,172,355,182,365
synthetic_0455.png,400,227,416,243
synthetic_0456.png,188,281,242,335
synthetic_0457.png,85,100,121,136
synthetic_0458.png,337,4,409,76
synthetic_0459.png,113,280,147,314
synthetic_0460.png,18,203,90,275
synthetic_0460.png,327,380,365,418
synthetic_0460.png,248,283,266,301
synthetic_0460.png,253,13,315,75
synthetic_0460.png,53,204,69,220
synthetic_0461.png,261,415,281,435
synthetic_0461.png,371,55,407,91
synthetic_0461.png,228,449,296,512
synthetic_0462.png,446,199,512,275
synthetic_0462.png,144,346,160,362
synthetic_0462.png,475,61,485,71
synthetic_0462.png,38,357,78,397
synthetic_0462.png,304,336,344,376
synthetic_0463.png,117,352,165,400
synthetic_0463.png,63,351,101,389
synthetic_0463.png,147,264,199,316
synthetic_0463.png,310,272,332,294
synthetic_0463.png,255,21,283,49
synthetic_0464.png,32,488,54,510
synthetic_0465.png,19,184,53,218
synthetic_0465.png,267,112,327,172
synthetic_0465.png,263,273,273,283
synthetic_0466.png,269,339,339,409
synthetic_0466.png,151,364,217,430
synthetic_0466.png,83,191,95,203
synthetic_0467.png,35,495,57,512
synthetic_0467.png,439,313,475,349
synthetic_0467.png,172,111,198,137
synthetic_0467.png,78,116,138,176
synthetic_0468.png,347,181,381,215
synthetic_0468.png,230,0,264,24
synthetic_0468.png,188,91,264,167
synthetic_0468.png,1,357,19,375
synthetic_0468.png,306,389,352,435
synthetic_0469.png,277,226,315,264
synthetic_0470.png,35,482,93,512
synthetic_0470.png,239,194,299,254
synthetic_0470.png,325,99,353,127
synthetic_0471.png,39,357,69,387
synthetic_0471.png,287,375,305,393
synthetic_0471.png,134,88,194,148
synthetic_0471.png,0,299,37,357
synthetic_0472.png,375,364,409,398
synthetic_0472.png,228,102,238,112
synthetic_0472.png,431,0,495,62
synthetic_0472.png,217,54,253,90
synthetic_0472.png,355,335,433,413
synthetic_0473.png,61,356,93,388
synthetic_0473.png,503,413,512,425
synthetic_0473.png,464,339,476,351
synthetic_0474.png,331,12,367,48
synthetic_0474.png,479,337,512,381
synthetic_0474.png,452,263,512,335
synthetic_0474.png,70,402,106,438
synthetic_0475.png,203,231,221,249
synthetic_0475.png,462,321,512,391
synthetic_0476.png,265,477,307,512
synthetic_0476.png,322,284,338,300
synthetic_0477.png,138,46,192,100
synthetic_0477.png,298,222,368,292
synthetic_0477.png,87,136,115,164
synthetic_0477.png,356,463,396,503
synthetic_0478.png,0,96,58,172
synthetic_0479.png,164,373,220,429
synthetic_0479.png,463,89,512,139
synthetic_0479.png,454,347,488,381
synthetic_0480.png,426,315,468,357
synthetic_0481.png,265,174,319,228
synthetic_0481.png,46,6,122,82
synthetic_0481.png,37,155,85,203
synthetic_0481.png,346,176,418,248
synthetic_0481.png,0,108,56,170
synthetic_0482.png,436,32,480,76
synthetic_0482.png,256,250,306,300
synthetic_0483.png,181,170,237,226
synthetic_0483.png,188,139,240,191
synthetic_0483.png,282,253,304,275
synthetic_0484.png,44,122,66,144
synthetic_0484.png,409,330,485,406
synthetic_0484.png,226,256,260,290
synthetic_0485.png,313,371,337,395
synthetic_0485.png,0,42,56,100
synthetic_0486.png,448,30,462,44
synthetic_0486.png,424,288,498,362
synthetic_0486.png,227,114,283,170
synthetic_0487.png,405,303,441,339
synthetic_0487.png,274,55,308,89
synthetic_0488.png,300,33,352,85
synthetic_0489.png,127,382,143,398
synthetic_0489.png,293,374,303,384
synthetic_0490.png,72,159,152,239
synthetic_0490.png,458,297,508,347
synthetic_0491.png,308,250,386,328
synthetic_0492.png,183,113,213,143
synthetic_0493.png,214,208,240,234
synthetic_0494.png,22,11,58,47
synthetic_0494.png,466,95,512,173
synthetic_0495.png,320,67,350,97
synthetic_0495.png,270,282,300,312
synthetic_0495.png,189,117,201,129
synthetic_0496.png,44,25,98,79
synthetic_0496.png,270,109,306,145
synthetic_0496.png,345,335,373,363
synthetic_0496.png,464,161,500,197
synthetic_0496.png,302,308,326,332
synthetic_0497.png,439,306,455,322
synthetic_0497.png,328,118,340,130
synthetic_0497.png,367,182,385,200
synthetic_0498.png,446,57,482,93
synthetic_0498.png,132,480,160,508
synthetic_0499.png,326,373,348,395
synthetic_0499.png,413,487,431,505
synthetic_0499.png,327,251,373,297
synthetic_0499.png,458,352,482,376
